Year,Oil_Price
1991,20.04
1992,19.32
1993,17.01
1994,15.86
1995,17.02
1996,20.64
1997,19.11
1998,12.76
1999,17.9
2000,28.66
2001,24.46
2002,24.99
2003,28.85
2004,38.26
2005,54.57
2006,65.16
2007,72.44
2008,96.94
2009,61.74
2010,79.61
2011,111.26
2012,111.57
2013,108.56
2014,98.97
2015,52.32
2016,43.64
2017,54.12
2018,71.34
2019,64.3
2020,41.96
2021,70.86
2022,100.93
2023,82.49
2024,80.52
2025,69.14
2026,
